id,first_name,last_name,email,gender,ip_address
1,Karim,Polle,kpolle0@dion.ne.jp,Male,23.175.234.134
2,Inna,Forte,iforte1@seattletimes.com,Female,172.146.12.221
3,Gibby,Carlisso,gcarlisso2@rakuten.co.jp,Male,44.143.138.35
4,Rafferty,Armour,rarmour3@unc.edu,Male,113.142.171.30
5,Beulah,Freyne,bfreyne4@google.cn,Female,90.184.198.122
6,Leigha,Cattermole,lcattermole5@dailymail.co.uk,Female,114.47.202.30
7,Paule,Yeomans,pyeomans6@google.cn,Female,33.182.118.43
8,Adham,Wikey,awikey7@cnbc.com,Male,240.186.103.106
9,Oren,Gregor,ogregor8@google.ca,Male,168.243.164.117
10,Arch,Bonallack,abonallack9@blogs.com,Male,142.203.148.154
