id,first_name,last_name,email,gender,ip_address
1,Alisander,Blas,ablas0@furl.net,Male,198.243.129.29
2,Sophronia,Conneau,sconneau1@squidoo.com,Female,1.48.185.123
3,Jarrett,Smissen,jsmissen2@businessinsider.com,Male,204.181.244.55
4,Piggy,Arnal,parnal3@themeforest.net,Male,240.235.1.69
5,Rees,Wear,rwear4@usgs.gov,Male,37.145.174.93
6,Felipe,Haines,fhaines5@yale.edu,Male,89.30.51.101
7,Colin,MacGilfoyle,cmacgilfoyle6@apple.com,Male,8.153.17.88
8,Dalston,de Clercq,ddeclercq7@nature.com,Male,156.49.73.35
9,Adelle,Bridewell,abridewell8@bing.com,Female,23.154.117.13
10,Veronika,Tanner,vtanner9@google.com.hk,Female,181.136.214.114
